{"version":1,"document":[{"__type__":"cc.AnimationClip","_name":"wave","_objFlags":0,"__editorExtras__":{"embeddedPlayerGroups":[]},"_native":"","sample":60,"speed":1,"wrapMode":22,"enableTrsBlending":false,"_duration":3,"_hash":500763545,"_tracks":[{"__id__":1}],"_exoticAnimation":null,"_events":[],"_embeddedPlayers":[],"_additiveSettings":{"__id__":11},"_auxiliaryCurveEntries":[]},{"__type__":"cc.animation.VectorTrack","_binding":{"__type__":"cc.animation.TrackBinding","path":{"__id__":2},"proxy":null},"_channels":[{"__id__":3},{"__id__":5},{"__id__":7},{"__id__":9}],"_nComponents":3},{"__type__":"cc.animation.TrackPath","_paths":["eulerAngles"]},{"__type__":"cc.animation.Channel","_curve":{"__id__":4}},{"__type__":"cc.RealCurve","bytes":{"__type__":"TypedArrayRef","ctor":"Uint8Array","offset":0,"length":186},"keyframeValueEditorExtras":[{"broken":null},{"broken":null},{"broken":null},{"broken":null},{"broken":null},{"broken":null},{"broken":null},{"broken":null},{"broken":null}]},{"__type__":"cc.animation.Channel","_curve":{"__id__":6}},{"__type__":"cc.RealCurve","bytes":{"__type__":"TypedArrayRef","ctor":"Uint8Array","offset":186,"length":186},"keyframeValueEditorExtras":[{"broken":null},{"broken":null},{"broken":null},{"broken":null},{"broken":null},{"broken":null},{"broken":null},{"broken":null},{"broken":null}]},{"__type__":"cc.animation.Channel","_curve":{"__id__":8}},{"__type__":"cc.RealCurve","bytes":{"__type__":"TypedArrayRef","ctor":"Uint8Array","offset":372,"length":275},"keyframeValueEditorExtras":[{"broken":null},{"broken":null},{"broken":null},{"broken":null},{"broken":false},{"broken":null},{"broken":null},{"broken":null},{"broken":null},{"broken":null}]},{"__type__":"cc.animation.Channel","_curve":{"__id__":10}},{"__type__":"cc.RealCurve","bytes":{"__type__":"TypedArrayRef","ctor":"Uint8Array","offset":647,"length":6}},{"__type__":"cc.AnimationClipAdditiveSettings","enabled":false,"refClip":null}],"chunks":[".bin"]}
