[1,["24pwTaKGdEbY0aXpIMdeCd@6c48a","770RUo1ENCs76qWcfFbYhv@f9941","9f2QDdIhtPiY8s+6NCQ8g1@f9941","24pwTaKGdEbY0aXpIMdeCd@f9941"],["node","_spriteFrame","_textureSource","_cameraComponent","progressNumLabel","progressBar","bg","scene","_parent"],[["cc.Node",["_name","_layer","_id","_components","_lpos","_parent","_children"],0,9,5,1,2],["cc.Sprite",["_sizeMode","_type","node","_spriteFrame"],1,1,6],["cc.Node",["_name","_layer","_parent","_components","_lpos","_children"],1,1,12,5,2],["cc.UITransform",["node","_contentSize","_anchorPoint"],3,1,5,5],["cc.Label",["_string","_actualFontSize","_fontSize","_horizontalAlign","_overflow","node","_color"],-2,1,5],"cc.SpriteFrame",["cc.SceneAsset",["_name"],2],["cc.Node",["_name","_parent","_components","_lpos"],2,1,2,5],["cc.Canvas",["node","_cameraComponent"],3,1,1],["cc.Widget",["_alignFlags","_top","_bottom","node"],0,1],["ce2acfT2ZhN0aYAXe1HyE1F",["node","bg","progressBar","progressNumLabel"],3,1,1,1,1],["cc.Scene",["_name","_children","_globals"],2,2,4],["cc.SceneGlobals",["ambient","shadows","_skybox","fog","octree","skin","lightProbeInfo","postSettings"],3,4,4,4,4,4,4,4,4],["cc.AmbientInfo",["_skyColorHDR","_groundAlbedoHDR"],3,5,5],["cc.ShadowsInfo",["_shadowColor","_size"],3,5,5],["cc.SkyboxInfo",[],3],["cc.FogInfo",[],3],["cc.OctreeInfo",[],3],["cc.SkinInfo",["_enabled"],2],["cc.LightProbeInfo",[],3],["cc.PostSettingsInfo",[],3],["cc.Camera",["_projection","_orthoHeight","_near","_far","_visibility","node","_color"],-2,1,5],["cc.ProgressBar",["_totalLength","_progress","node","_barSprite"],1,1,1]],[[3,0,1,1],[2,0,1,2,3,4,3],[6,0,2],[0,0,1,2,6,3,4,4],[0,0,1,5,3,3],[0,0,1,5,3,4,3],[2,0,1,2,5,3,4,3],[7,0,1,2,3,2],[3,0,1,2,1],[8,0,1,1],[9,0,1,2,3,4],[10,0,1,2,3,1],[1,1,0,2,3,3],[1,0,2,3,2],[1,1,0,2,3],[4,0,1,2,5,4],[4,0,3,1,2,4,5,6,6],[11,0,1,2,2],[12,0,1,2,3,4,5,6,7,1],[13,0,1,1],[14,0,1,1],[15,1],[16,1],[17,1],[18,0,2],[19,1],[20,1],[21,0,1,2,3,4,5,6,6],[22,0,1,2,3,3]],[[[{"name":"default_progressbar","rect":{"x":0,"y":0,"width":30,"height":15},"offset":{"x":0,"y":0},"originalSize":{"width":30,"height":15},"rotated":false,"capInsets":[10,4,10,4],"vertices":{"rawPosition":[-15,-7.5,0,15,-7.5,0,-15,7.5,0,15,7.5,0],"indexes":[0,1,2,2,1,3],"uv":[0,15,30,15,0,0,30,0],"nuv":[0,0,1,0,0,1,1,1],"minPos":{"x":-15,"y":-7.5,"z":0},"maxPos":{"x":15,"y":7.5,"z":0}},"packable":true,"pixelsToUnit":100,"pivot":{"x":0.5,"y":0.5},"meshType":0}],[5],0,[0],[2],[0]],[[[2,"loadingScene"],[3,"Canvas",33554432,"beI88Z2HpFELqR4T5EMHpg",[-9,-10,-11,-12,-13],[[0,-1,[5,720,1280]],[9,-3,-2],[10,45,5.684341886080802e-14,5.684341886080802e-14,-4],[11,-8,-7,-6,-5]],[1,360,640,0]],[6,"ProgressBar",33554432,1,[-17],[[[0,-14,[5,200,15]],[12,1,0,-15,1],-16],4,4,1],[1,15.555,-327.253,0]],[4,"bg",33554432,1,[[0,-18,[5,720,1280]],[13,0,-19,0]]],[1,"Bar",33554432,2,[[[8,-20,[5,0,15],[0,0,0.5]],-21],4,1],[1,-100,0,0]],[5,"Title",33554432,1,[[0,-22,[5,60,50.4]],[15,"加载中",20,20,-23]],[1,15.076,-358.703,0]],[1,"ProgressNumLabel",33554432,1,[[[0,-24,[5,46.70654296875,50.4]],-25],4,1],[1,63.153,-361.784,0]],[17,"loadingScene",[1],[18,[19,[2,0,0,0,0.520833125],[2,0,0,0,0]],[20,[4,4283190348],[0,512,512]],[21],[22],[23],[24,false],[25],[26]]],[7,"Camera",1,[-26],[1,0,0,1000]],[27,0,640,0,2000,1108344832,8,[4,4278190080]],[14,1,0,4],[28,200,0,2,10],[16,"10%",2,15,15,1,6,[4,4291743438]]],0,[0,0,1,0,3,9,0,0,1,0,0,1,0,4,12,0,5,11,0,6,3,0,0,1,0,-1,8,0,-2,3,0,-3,2,0,-4,5,0,-5,6,0,0,2,0,0,2,0,-3,11,0,-1,4,0,0,3,0,0,3,0,0,4,0,-2,10,0,0,5,0,0,5,0,0,6,0,-2,12,0,-1,9,0,7,7,1,8,7,26],[0,0,10],[1,1,1],[1,2,3]]]]
